precip,snowfall,max_temp,min_temp,mean_temp,doy
2.7939999999999996,0.0,10.0,6.666666667,8.333333332999999,203
0.0,0.0,13.33333333,4.444444444,8.888888889,204
0.0,0.0,17.77777778,3.333333333,13.88888889,205
0.0,0.0,20.0,6.1111111110000005,13.33333333,206
0.0,0.0,18.88888889,12.22222222,15.55555556,207
0.0,0.0,15.0,9.444444444,12.22222222,208
0.0,0.0,15.55555556,8.888888889,12.22222222,209
0.0,0.0,12.22222222,10.0,11.11111111,210
4.064,0.0,18.33333333,10.0,14.44444444,211
13.716,0.0,15.55555556,7.777777778,11.66666667,212
0.254,0.0,11.66666667,5.555555556,8.888888889,213
0.0,0.0,15.0,5.0,10.0,214
0.0,0.0,13.33333333,3.888888889,8.888888889,215
0.0,0.0,13.88888889,1.111111111,7.777777778,216
0.0,0.0,15.55555556,1.111111111,8.333333332999999,217
0.254,0.0,12.22222222,7.222222222,10.0,219
1.27,0.0,16.11111111,6.666666667,11.11111111,220
2.286,0.0,11.66666667,6.666666667,8.888888889,223
0.0,0.0,13.88888889,3.888888889,8.888888889,224
0.0,0.0,15.55555556,3.888888889,10.0,225
1.27,0.0,19.44444444,3.333333333,11.11111111,226
13.716,0.0,21.11111111,8.333333332999999,14.44444444,227
0.0,0.0,13.33333333,1.666666667,7.777777778,229
0.0,0.0,17.22222222,1.111111111,8.888888889,233
0.0,0.0,11.11111111,1.111111111,6.1111111110000005,234
0.0,0.0,13.33333333,0.0,6.666666667,235
0.0,0.0,11.66666667,1.666666667,6.666666667,237
0.0,0.0,12.77777778,-1.111111111,5.555555556,238
0.0,0.0,12.77777778,-0.5555555560000001,6.1111111110000005,239
0.0,0.0,17.77777778,-0.5555555560000001,8.888888889,240
0.0,0.0,15.55555556,10.0,12.77777778,241
0.0,0.0,16.66666667,10.0,13.33333333,242
0.0,0.0,17.22222222,10.0,13.33333333,243
0.0,0.0,12.77777778,1.111111111,6.666666667,244
9.652000000000001,0.0,7.777777778,1.111111111,4.444444444,246
0.0,0.0,9.444444444,3.333333333,6.666666667,247
0.254,0.0,17.22222222,3.888888889,10.55555556,248
0.0,0.0,14.44444444,2.777777778,8.888888889,250
0.0,0.0,13.33333333,0.0,6.666666667,251
0.0,0.0,10.55555556,5.0,7.777777778,252
6.604,0.0,14.44444444,7.222222222,11.11111111,255
6.096,0.0,12.22222222,6.666666667,9.444444444,256
5.8420000000000005,0.0,9.444444444,1.666666667,5.555555556,257
0.0,0.0,6.1111111110000005,-1.111111111,2.222222222,258
0.0,0.0,8.888888889,-1.111111111,3.888888889,260
0.0,0.0,8.333333332999999,-2.222222222,3.333333333,261
0.0,0.0,10.0,1.111111111,5.555555556,262
0.762,0.0,8.333333332999999,2.777777778,5.555555556,264
0.0,0.0,5.0,1.666666667,3.333333333,265
0.762,0.0,6.1111111110000005,0.0,3.333333333,266
2.032,0.0,9.444444444,2.222222222,5.555555556,267
0.254,0.0,6.1111111110000005,2.222222222,4.444444444,268
0.0,0.0,7.222222222,0.5555555560000001,3.888888889,271
8.89,0.0,5.555555556,-1.666666667,2.222222222,272
0.0,0.0,1.666666667,-2.222222222,-1.111111111,274
0.0,0.0,2.777777778,-3.888888889,-0.5555555560000001,275
0.0,0.0,3.888888889,-4.444444444,0.0,276
0.0,0.0,7.777777778,-4.444444444,1.666666667,279
0.0,0.0,12.77777778,7.777777778,10.0,282
2.286,0.0,13.33333333,1.666666667,7.777777778,284
0.508,0.0,11.66666667,0.5555555560000001,6.1111111110000005,285
7.3660000000000005,0.0,6.1111111110000005,1.111111111,3.333333333,286
0.0,0.0,3.333333333,-3.888888889,0.0,288
0.0,0.0,3.333333333,-6.666666667,-1.666666667,289
0.0,0.0,1.111111111,-5.0,-2.222222222,290
0.0,0.0,3.333333333,-6.1111111110000005,-1.111111111,291
0.0,0.0,2.222222222,-6.666666667,-2.222222222,292
0.0,0.0,0.0,-9.444444444,-4.444444444,293
0.508,0.0,12.22222222,-6.666666667,2.777777778,294
3.048,0.0,13.33333333,2.777777778,7.777777778,295
26.162,0.0,15.0,0.5555555560000001,7.777777778,297
7.3660000000000005,0.0,16.11111111,4.444444444,10.0,298
2.7939999999999996,0.0,6.666666667,2.222222222,4.444444444,299
0.508,0.0,16.66666667,7.777777778,12.22222222,300
17.272000000000002,0.0,7.777777778,3.888888889,5.555555556,301
44.958,0.0,5.0,2.777777778,3.888888889,302
0.0,0.0,-1.111111111,-5.0,-3.333333333,305
0.0,0.0,2.777777778,-4.444444444,-1.111111111,308
0.0,0.0,5.0,0.5555555560000001,2.777777778,310
0.0,0.0,6.666666667,3.333333333,5.0,311
0.0,0.0,3.888888889,-2.222222222,1.111111111,312
0.0,0.0,-0.5555555560000001,-9.444444444,-5.0,313
0.0,0.0,-3.333333333,-11.66666667,-7.777777778,314
0.0,0.0,-5.0,-11.11111111,-7.777777778,315
0.0,0.0,-2.777777778,-9.444444444,-6.1111111110000005,316
0.0,0.0,-2.777777778,-10.0,-6.666666667,317
0.0,0.0,-3.888888889,-9.444444444,-6.666666667,318
14.732000000000001,0.0,8.333333332999999,1.666666667,5.0,322
0.508,0.0,5.0,2.222222222,3.333333333,323
0.0,0.0,5.0,-0.5555555560000001,2.222222222,324
0.0,0.0,5.555555556,-4.444444444,0.5555555560000001,326
0.0,0.0,-6.666666667,-11.11111111,-8.888888889,330
2.7939999999999996,5.08,1.111111111,-5.0,-2.222222222,333
0.0,5.08,-3.333333333,-11.11111111,-7.222222222,336
0.0,5.08,-6.1111111110000005,-13.88888889,-10.0,337
0.0,5.08,-11.11111111,-16.66666667,-13.88888889,338
0.0,5.08,-17.77777778,-17.77777778,-17.77777778,339
15.748,5.08,0.5555555560000001,-7.222222222,-3.333333333,340
10.668,10.16,1.111111111,0.5555555560000001,1.111111111,341
2.032,15.24,1.111111111,-12.77777778,-5.555555556,342
0.0,15.24,-10.0,-19.44444444,-14.44444444,343
0.0,12.7,-14.44444444,-21.66666667,-17.77777778,344
0.508,15.24,-11.66666667,-14.44444444,-13.33333333,346
0.0,15.24,1.666666667,-13.33333333,-5.555555556,347
0.0,12.7,-8.333333332999999,-15.0,-11.66666667,349
0.508,10.16,6.1111111110000005,-8.333333332999999,-1.111111111,350
0.254,10.16,5.0,-2.777777778,1.111111111,351
0.254,15.24,0.5555555560000001,-10.0,-4.444444444,352
1.016,7.62,-0.5555555560000001,-10.0,-5.555555556,354
0.0,7.62,-9.444444444,-16.66666667,-13.33333333,356
0.0,7.62,-5.0,-14.44444444,-9.444444444,357
0.0,7.62,5.555555556,-14.44444444,-4.444444444,358
0.0,0.0,6.1111111110000005,-2.222222222,2.222222222,359
0.0,5.08,8.888888889,6.1111111110000005,7.777777778,360
0.508,2.54,-6.1111111110000005,-12.22222222,-8.888888889,1
0.0,5.08,-8.333333332999999,-15.0,-11.66666667,2
0.0,5.08,-7.222222222,-15.0,-11.11111111,3
5.334,5.08,2.777777778,-10.55555556,-3.888888889,4
4.3180000000000005,7.62,0.5555555560000001,-3.888888889,-1.666666667,5
7.874,12.7,2.222222222,-3.333333333,-0.5555555560000001,6
0.508,10.16,10.0,-1.111111111,4.444444444,7
4.3180000000000005,0.0,8.888888889,-7.222222222,1.111111111,8
2.54,17.78,-1.111111111,-8.333333332999999,-4.444444444,9
0.762,5.08,-3.888888889,-9.444444444,-6.666666667,10
0.0,5.08,-9.444444444,-19.44444444,-14.44444444,11
0.0,5.08,-15.55555556,-21.66666667,-18.88888889,12
0.0,5.08,-12.77777778,-20.0,-16.11111111,13
0.0,2.54,-12.77777778,-18.88888889,-16.11111111,14
0.0,2.54,-14.44444444,-23.88888889,-18.88888889,19
0.0,2.54,-15.55555556,-21.11111111,-18.33333333,20
0.0,2.54,-11.11111111,-22.22222222,-16.66666667,21
1.778,2.54,-3.333333333,-12.22222222,-7.777777778,23
0.0,7.62,-11.11111111,-20.55555556,-15.55555556,24
0.0,7.62,-1.666666667,-22.22222222,-11.66666667,25
0.0,7.62,-1.666666667,-13.88888889,-7.777777778,26
0.0,7.62,-7.222222222,-16.11111111,-11.66666667,27
1.016,2.54,4.444444444,-4.444444444,0.0,29
10.668,12.7,-3.333333333,-13.33333333,-8.333333332999999,30
0.0,12.7,-12.22222222,-18.33333333,-15.0,31
0.0,10.16,4.444444444,-5.555555556,-0.5555555560000001,33
5.334,2.54,8.888888889,2.777777778,5.555555556,34
38.354,0.0,5.0,1.666666667,3.333333333,36
7.3660000000000005,0.0,2.777777778,0.0,1.111111111,37
0.254,0.0,7.777777778,-2.222222222,2.777777778,38
0.254,0.0,4.444444444,0.5555555560000001,2.222222222,39
0.0,0.0,3.888888889,-1.111111111,1.111111111,40
0.0,0.0,2.222222222,-5.0,-1.111111111,41
0.0,0.0,0.0,-6.666666667,-3.333333333,42
0.0,0.0,7.777777778,-7.777777778,0.0,43
0.0,0.0,7.777777778,-2.222222222,2.777777778,44
0.0,0.0,7.222222222,-1.666666667,2.777777778,46
0.0,0.0,2.777777778,-5.0,-1.111111111,47
0.0,0.0,12.77777778,-4.444444444,4.444444444,48
0.0,0.0,10.55555556,7.777777778,8.888888889,49
0.0,0.0,11.66666667,7.777777778,10.0,50
0.0,0.0,10.0,7.777777778,8.888888889,51
0.0,0.0,11.11111111,6.666666667,8.888888889,53
0.0,0.0,8.888888889,-0.5555555560000001,4.444444444,54
5.08,2.54,1.666666667,-0.5555555560000001,0.5555555560000001,55
3.556,5.08,-0.5555555560000001,-6.1111111110000005,-3.333333333,56
0.0,5.08,-3.888888889,-16.11111111,-10.0,58
0.0,5.08,-1.111111111,-10.0,-5.555555556,59
0.0,5.08,0.5555555560000001,-7.777777778,-3.333333333,60
0.508,5.08,-1.111111111,-6.1111111110000005,-3.333333333,61
0.254,5.08,-1.666666667,-8.333333332999999,-5.0,62
0.0,5.08,3.888888889,-12.22222222,-4.444444444,64
0.0,0.0,9.444444444,5.555555556,7.777777778,66
0.0,0.0,9.444444444,5.0,7.222222222,67
0.0,0.0,7.777777778,3.333333333,5.555555556,68
0.0,0.0,8.333333332999999,1.111111111,4.444444444,69
0.0,0.0,8.888888889,-2.777777778,3.333333333,70
0.0,0.0,6.1111111110000005,-3.333333333,1.111111111,71
0.0,0.0,3.888888889,-3.333333333,0.0,72
0.254,2.54,-1.666666667,-4.444444444,-3.333333333,74
0.0,0.0,0.0,-10.0,-5.0,77
0.0,0.0,1.666666667,-8.333333332999999,-3.333333333,78
0.0,0.0,2.777777778,-6.666666667,-2.222222222,79
0.0,0.0,6.1111111110000005,-3.333333333,1.111111111,80
0.0,0.0,4.444444444,-6.666666667,-1.111111111,82
0.0,0.0,4.444444444,-10.0,-2.777777778,83
0.0,0.0,4.444444444,-3.888888889,0.0,84
0.0,0.0,4.444444444,-3.333333333,0.5555555560000001,86
0.0,0.0,8.888888889,-0.5555555560000001,4.444444444,87
4.064,5.08,0.0,-5.555555556,-2.777777778,88
0.254,5.08,-2.222222222,-7.777777778,-5.0,89
0.254,5.08,-7.777777778,-12.22222222,-10.0,91
0.0,5.08,4.444444444,-13.33333333,-4.444444444,92
0.0,2.54,5.0,-0.5555555560000001,2.222222222,93
0.0,0.0,4.444444444,-6.1111111110000005,-1.111111111,95
0.0,0.0,3.333333333,-6.666666667,-1.666666667,96
0.0,0.0,3.888888889,-1.666666667,1.111111111,97
0.0,0.0,6.1111111110000005,-2.222222222,2.222222222,98
0.0,0.0,7.222222222,0.0,3.333333333,99
0.0,0.0,8.333333332999999,-4.444444444,2.222222222,100
0.0,0.0,-0.5555555560000001,-7.777777778,-4.444444444,102
0.0,0.0,-2.222222222,-11.66666667,-6.666666667,103
0.0,0.0,4.444444444,-8.333333332999999,-2.222222222,106
0.0,0.0,3.888888889,-6.666666667,-1.111111111,107
0.508,2.54,2.777777778,-5.555555556,-1.111111111,109
0.0,0.0,3.888888889,-6.666666667,-1.111111111,110
0.0,0.0,6.1111111110000005,-3.888888889,1.111111111,111
2.7939999999999996,2.54,-0.5555555560000001,-5.555555556,-3.333333333,113
0.508,5.08,1.666666667,-4.444444444,-1.111111111,114
0.0,0.0,12.77777778,0.5555555560000001,6.666666667,119
0.0,0.0,15.55555556,10.0,12.77777778,120
0.0,0.0,15.0,1.666666667,8.333333332999999,121
0.0,0.0,15.55555556,3.888888889,10.0,123
0.0,0.0,13.33333333,-1.111111111,6.1111111110000005,124
0.0,0.0,10.0,-1.666666667,4.444444444,125
6.35,0.0,10.55555556,3.333333333,6.666666667,129
1.016,0.0,7.777777778,3.333333333,5.555555556,134
2.54,0.0,9.444444444,2.222222222,5.555555556,135
1.524,0.0,14.44444444,1.666666667,7.777777778,136
3.048,0.0,11.11111111,2.777777778,6.666666667,137
5.587999999999999,0.0,6.1111111110000005,2.222222222,4.444444444,138
6.35,0.0,6.666666667,-1.111111111,2.777777778,139
0.0,0.0,11.11111111,1.111111111,6.1111111110000005,141
2.7939999999999996,0.0,3.333333333,-1.666666667,1.111111111,142
0.0,0.0,2.777777778,-2.777777778,0.0,143
0.0,0.0,13.33333333,-3.888888889,4.444444444,144
0.0,0.0,15.55555556,1.111111111,8.333333332999999,146
0.0,0.0,16.66666667,2.222222222,9.444444444,147
0.0,0.0,17.77777778,0.0,8.888888889,148
0.0,0.0,19.44444444,2.222222222,11.11111111,149
0.0,0.0,18.33333333,4.444444444,11.11111111,150
0.0,0.0,15.55555556,7.777777778,11.66666667,151
0.0,0.0,14.44444444,6.1111111110000005,10.0,152
0.0,0.0,12.22222222,3.333333333,7.777777778,153
0.508,0.0,8.333333332999999,2.222222222,5.555555556,154
11.175999999999998,0.0,10.55555556,1.666666667,6.1111111110000005,156
6.858,0.0,10.55555556,1.666666667,6.1111111110000005,157
7.62,0.0,17.22222222,6.1111111110000005,11.66666667,158
6.604,0.0,16.11111111,8.888888889,12.22222222,159
0.254,0.0,17.22222222,6.666666667,12.22222222,160
1.016,0.0,12.22222222,3.888888889,7.777777778,161
1.524,0.0,14.44444444,8.333333332999999,11.11111111,162
0.254,0.0,17.77777778,7.222222222,12.22222222,163
0.0,0.0,16.66666667,6.1111111110000005,11.11111111,164
0.0,0.0,19.44444444,5.0,12.22222222,167
0.0,0.0,20.0,4.444444444,12.22222222,168
0.0,0.0,17.22222222,2.222222222,10.0,169
0.0,0.0,18.33333333,2.777777778,10.55555556,170
0.0,0.0,18.33333333,3.333333333,11.11111111,171
0.0,0.0,18.33333333,5.0,11.66666667,172
0.0,0.0,15.55555556,4.444444444,10.0,173
1.778,0.0,13.33333333,7.222222222,10.0,174
4.8260000000000005,0.0,11.66666667,6.1111111110000005,8.888888889,175
2.286,0.0,13.33333333,5.0,8.888888889,176
2.54,0.0,15.0,7.777777778,11.11111111,177
1.524,0.0,7.777777778,4.444444444,6.1111111110000005,178
2.032,0.0,11.66666667,4.444444444,7.777777778,179
0.254,0.0,13.88888889,6.1111111110000005,10.0,180
0.0,0.0,18.33333333,7.222222222,12.77777778,182
0.0,0.0,20.0,7.777777778,13.88888889,183
0.0,0.0,17.22222222,4.444444444,11.11111111,184
6.604,0.0,10.55555556,6.666666667,8.888888889,185
0.0,0.0,14.44444444,4.444444444,9.444444444,186
0.0,0.0,16.66666667,3.333333333,10.0,187
0.0,0.0,14.44444444,6.666666667,10.55555556,188
37.084,0.0,10.55555556,6.666666667,8.333333332999999,189
23.368000000000002,0.0,12.77777778,8.333333332999999,10.55555556,190
2.7939999999999996,0.0,16.11111111,7.222222222,11.66666667,191
0.0,0.0,18.33333333,5.0,11.66666667,192
0.0,0.0,13.88888889,6.1111111110000005,10.0,193
0.0,0.0,16.11111111,4.444444444,10.0,195
6.604,0.0,16.66666667,7.222222222,11.66666667,196
56.896,0.0,14.44444444,8.333333332999999,11.11111111,197
12.954,0.0,11.11111111,6.666666667,8.888888889,198
0.0,0.0,16.66666667,5.0,10.55555556,200
3.048,0.0,13.33333333,7.222222222,10.0,202
14.985999999999999,0.0,9.444444444,5.555555556,7.222222222,203
0.0,0.0,16.11111111,4.444444444,10.0,204
0.0,0.0,16.66666667,3.333333333,10.0,205
0.0,0.0,14.44444444,5.0,9.444444444,206
0.0,0.0,15.55555556,6.666666667,11.11111111,207
0.508,0.0,15.55555556,3.333333333,9.444444444,208
1.016,0.0,16.66666667,7.777777778,12.22222222,209
0.0,0.0,16.66666667,7.777777778,12.22222222,210
0.0,0.0,16.66666667,8.333333332999999,12.22222222,211
0.0,0.0,22.77777778,12.77777778,17.77777778,213
1.27,0.0,18.33333333,11.11111111,14.44444444,214
1.27,0.0,17.22222222,10.0,13.33333333,215
7.112,0.0,13.33333333,7.777777778,10.55555556,216
0.508,0.0,17.77777778,8.333333332999999,12.77777778,217
0.0,0.0,18.33333333,7.222222222,12.77777778,218
0.0,0.0,15.55555556,5.0,10.0,219
0.0,0.0,13.33333333,5.555555556,9.444444444,222
21.081999999999997,0.0,9.444444444,7.222222222,8.333333332999999,223
0.254,0.0,12.22222222,5.555555556,8.888888889,224
1.27,0.0,10.0,5.0,7.222222222,225
0.0,0.0,12.77777778,1.666666667,7.222222222,226
0.254,0.0,11.66666667,2.222222222,6.666666667,227
0.0,0.0,14.44444444,2.222222222,8.333333332999999,229
0.0,0.0,12.77777778,2.777777778,7.777777778,230
6.858,0.0,11.11111111,6.1111111110000005,8.888888889,231
2.032,0.0,15.0,7.777777778,11.66666667,232
0.0,0.0,15.55555556,6.666666667,11.11111111,233
0.254,0.0,16.66666667,8.888888889,12.77777778,235
14.478,0.0,12.22222222,6.666666667,9.444444444,236
23.368000000000002,0.0,10.0,7.222222222,8.333333332999999,237
1.27,0.0,10.0,6.1111111110000005,7.777777778,238
0.0,0.0,13.33333333,3.888888889,8.333333332999999,239
3.81,0.0,12.22222222,6.1111111110000005,8.888888889,240
3.302,0.0,7.222222222,5.0,6.1111111110000005,241
0.0,0.0,11.11111111,2.222222222,6.666666667,242
6.35,0.0,8.888888889,5.555555556,7.222222222,243
6.858,0.0,10.55555556,5.0,7.777777778,244
0.762,0.0,11.66666667,5.555555556,8.333333332999999,245
0.0,0.0,10.55555556,1.666666667,6.1111111110000005,246
0.0,0.0,10.0,2.777777778,6.1111111110000005,248
0.0,0.0,12.77777778,1.111111111,6.666666667,249
0.0,0.0,10.0,2.222222222,6.1111111110000005,252
0.0,0.0,8.888888889,2.777777778,5.555555556,253
3.048,0.0,8.333333332999999,3.333333333,5.555555556,254
2.7939999999999996,0.0,5.555555556,1.111111111,3.333333333,255
0.0,0.0,12.22222222,-1.111111111,5.555555556,256
0.0,0.0,16.11111111,2.222222222,8.888888889,257
4.572,0.0,13.88888889,6.1111111110000005,10.0,258
4.8260000000000005,0.0,9.444444444,3.333333333,6.666666667,259
3.302,0.0,10.55555556,2.777777778,6.666666667,260
1.778,0.0,7.777777778,4.444444444,6.1111111110000005,261
16.256,0.0,8.333333332999999,0.0,4.444444444,263
11.684000000000001,0.0,7.777777778,2.222222222,5.0,264
0.0,0.0,7.777777778,-0.5555555560000001,3.333333333,265
0.762,0.0,7.222222222,-1.111111111,3.333333333,266
4.572,0.0,8.888888889,2.777777778,5.555555556,267
11.175999999999998,0.0,7.222222222,4.444444444,5.0,269
6.096,0.0,6.666666667,0.5555555560000001,3.333333333,271
8.636000000000001,0.0,6.1111111110000005,2.777777778,4.444444444,272
0.0,0.0,5.0,1.111111111,3.333333333,273
0.0,0.0,4.444444444,0.5555555560000001,2.222222222,274
0.0,0.0,2.222222222,-5.0,-1.111111111,280
14.732000000000001,0.0,5.555555556,1.666666667,3.333333333,281
2.7939999999999996,0.0,5.555555556,-2.222222222,1.666666667,282
0.0,0.0,3.333333333,-3.333333333,0.0,283
0.0,0.0,1.666666667,-4.444444444,-1.111111111,284
2.54,2.54,3.333333333,-4.444444444,-0.5555555560000001,285
0.0,0.0,4.444444444,-1.666666667,1.111111111,286
5.08,5.08,0.0,-3.333333333,-1.666666667,287
1.27,5.08,1.666666667,-2.777777778,-0.5555555560000001,288
0.0,0.0,6.666666667,-1.111111111,2.777777778,289
0.0,0.0,7.222222222,2.777777778,5.0,290
0.0,0.0,3.333333333,-3.888888889,0.0,294
0.0,0.0,1.111111111,-5.0,-2.222222222,295
0.0,0.0,1.111111111,-7.777777778,-3.333333333,296
0.0,0.0,2.777777778,-8.333333332999999,-2.777777778,297
0.0,0.0,0.0,-6.666666667,-3.333333333,298
0.254,2.54,0.5555555560000001,-5.555555556,-2.222222222,300
25.4,0.0,5.555555556,-5.555555556,0.0,301
5.08,0.0,8.888888889,0.5555555560000001,4.444444444,302
0.0,0.0,0.0,-7.222222222,-3.333333333,305
3.048,0.0,5.0,-7.777777778,-1.111111111,306
11.43,7.62,5.555555556,0.5555555560000001,3.333333333,307
0.0,2.54,-3.888888889,-10.55555556,-7.222222222,312
4.3180000000000005,7.62,3.888888889,-3.888888889,0.0,316
3.302,7.62,3.333333333,-0.5555555560000001,1.111111111,317
6.096,12.7,0.0,-5.555555556,-2.777777778,318
0.762,0.0,15.0,0.5555555560000001,7.777777778,321
0.0,0.0,3.333333333,-3.333333333,0.0,322
0.0,0.0,0.0,-2.222222222,-1.111111111,323
0.254,0.0,12.22222222,0.5555555560000001,6.666666667,326
0.762,2.54,-2.222222222,-4.444444444,-3.333333333,328
2.032,10.16,7.777777778,-3.333333333,2.222222222,329
0.0,0.0,10.0,3.333333333,6.666666667,333
0.0,0.0,10.0,6.666666667,8.333333332999999,334
0.0,0.0,6.666666667,3.333333333,5.0,335
4.064,2.54,0.0,-6.1111111110000005,-3.333333333,337
0.0,0.0,6.1111111110000005,3.888888889,4.444444444,339
0.0,0.0,5.0,1.111111111,3.333333333,340
0.0,0.0,2.777777778,-1.666666667,0.5555555560000001,342
0.0,0.0,-1.111111111,-7.222222222,-4.444444444,343
0.0,0.0,-4.444444444,-11.11111111,-7.777777778,344
0.0,0.0,-6.666666667,-11.11111111,-8.888888889,345
2.54,2.54,-4.444444444,-10.55555556,-7.777777778,346
0.0,2.54,-5.555555556,-10.0,-7.777777778,347
0.0,2.54,-3.333333333,-10.0,-6.666666667,348
0.0,0.0,3.333333333,-2.777777778,0.0,349
0.0,0.0,2.777777778,-3.888888889,-0.5555555560000001,350
0.0,0.0,-3.888888889,-10.55555556,-7.222222222,351
13.462,0.0,10.0,-11.11111111,-0.5555555560000001,352
0.508,5.08,4.444444444,-2.777777778,1.111111111,353
15.24,7.62,2.222222222,-3.333333333,-0.5555555560000001,354
3.048,7.62,-3.333333333,-10.55555556,-6.666666667,355
0.0,7.62,-5.0,-11.66666667,-8.333333332999999,356
0.0,7.62,-11.66666667,-15.55555556,-13.33333333,358
0.0,7.62,-4.444444444,-13.33333333,-8.888888889,360
0.0,7.62,-1.666666667,-12.22222222,-6.666666667,361
0.0,5.08,-5.0,-11.11111111,-7.777777778,362
0.508,0.0,-2.777777778,-10.0,-6.1111111110000005,363
0.0,2.54,-8.888888889,-14.44444444,-11.66666667,364
0.0,2.54,-6.1111111110000005,-10.0,-7.777777778,365
0.0,2.54,-1.666666667,-13.88888889,-7.777777778,1
0.0,5.08,2.222222222,-1.111111111,0.5555555560000001,3
0.0,0.0,3.333333333,0.0,1.666666667,4
0.0,0.0,5.555555556,1.111111111,3.333333333,5
0.0,0.0,8.888888889,2.222222222,5.555555556,8
0.0,0.0,6.666666667,3.333333333,5.0,9
0.0,0.0,6.1111111110000005,2.222222222,4.444444444,10
0.0,0.0,1.666666667,-7.222222222,-2.777777778,11
0.0,0.0,-6.666666667,-10.55555556,-8.888888889,12
0.0,0.0,-6.666666667,-11.66666667,-8.888888889,13
0.0,0.0,4.444444444,-11.11111111,-3.333333333,14
0.0,0.0,3.888888889,-1.666666667,1.111111111,15
0.0,0.0,2.222222222,-2.222222222,0.0,16
0.0,0.0,3.888888889,-3.888888889,0.0,17
0.0,0.0,8.888888889,1.666666667,5.555555556,18
0.0,0.0,9.444444444,4.444444444,6.666666667,20
0.0,0.0,5.0,0.0,2.222222222,21
0.0,0.0,3.333333333,0.5555555560000001,2.222222222,22
0.0,0.0,7.222222222,0.5555555560000001,3.888888889,23
0.0,0.0,4.444444444,-3.888888889,0.0,24
0.0,0.0,-2.222222222,-8.888888889,-5.555555556,25
0.0,0.0,-5.0,-11.11111111,-7.777777778,26
0.0,0.0,3.888888889,-9.444444444,-2.777777778,27
0.0,0.0,0.5555555560000001,-3.888888889,-1.666666667,35
0.254,0.0,-1.111111111,-6.666666667,-3.888888889,36
0.0,0.0,4.444444444,-5.0,0.0,37
0.508,5.08,-3.888888889,-12.22222222,-7.777777778,39
1.27,2.54,0.5555555560000001,-15.55555556,-7.777777778,43
2.032,12.7,0.0,-5.555555556,-2.777777778,44
0.0,12.7,-5.555555556,-14.44444444,-10.0,45
1.016,7.62,6.666666667,-13.88888889,-3.333333333,46
6.604,7.62,2.222222222,-7.222222222,-2.222222222,47
1.524,7.62,-7.222222222,-8.888888889,-7.777777778,48
2.54,12.7,-6.666666667,-13.33333333,-10.0,49
0.508,20.32,-5.0,-15.0,-10.0,50
1.778,20.32,-2.222222222,-7.222222222,-4.444444444,51
3.556,20.32,-6.1111111110000005,-13.33333333,-10.0,52
0.0,20.32,-11.11111111,-17.22222222,-14.44444444,53
0.0,20.32,-9.444444444,-18.88888889,-14.44444444,54
1.016,20.32,-2.777777778,-12.22222222,-7.777777778,55
20.32,22.86,0.0,-14.44444444,-7.222222222,56
0.0,25.4,-10.55555556,-18.88888889,-14.44444444,57
0.762,27.94,2.222222222,-10.0,-3.888888889,59
4.8260000000000005,5.08,0.5555555560000001,-4.444444444,-2.222222222,60
54.102,33.02,1.666666667,-2.777777778,-0.5555555560000001,61
7.62,43.18,2.222222222,-7.222222222,-2.222222222,62
7.62,43.18,3.888888889,-12.22222222,-4.444444444,63
7.874,20.32,5.0,-5.555555556,0.0,64
2.032,25.4,-0.5555555560000001,-17.22222222,-8.888888889,67
0.254,17.78,-5.0,-17.22222222,-11.11111111,68
0.0,20.32,-12.77777778,-20.55555556,-16.66666667,69
0.0,20.32,-15.0,-23.33333333,-18.88888889,71
0.0,20.32,-11.66666667,-26.11111111,-18.88888889,73
0.0,20.32,-12.77777778,-25.55555556,-18.88888889,74
0.0,20.32,-12.22222222,-26.11111111,-18.88888889,75
0.0,20.32,-11.11111111,-25.55555556,-18.33333333,76
0.0,20.32,1.111111111,-18.88888889,-8.888888889,77
0.0,17.78,5.0,-4.444444444,0.0,80
0.0,17.78,8.333333332999999,-7.222222222,0.5555555560000001,81
0.0,12.7,10.0,2.222222222,6.1111111110000005,82
1.524,7.62,-0.5555555560000001,-9.444444444,-5.0,88
0.0,0.0,-2.222222222,-10.55555556,-6.666666667,94
0.508,7.62,-5.0,-11.66666667,-8.333333332999999,102
19.05,10.16,2.222222222,-1.666666667,0.0,106
8.128,15.24,0.5555555560000001,-6.1111111110000005,-2.777777778,107
0.0,5.08,-2.222222222,-11.11111111,-6.666666667,110
0.0,5.08,0.5555555560000001,-7.777777778,-3.333333333,111
0.0,2.54,-3.333333333,-11.11111111,-7.222222222,113
4.572,2.54,0.5555555560000001,-3.333333333,-1.111111111,119
2.7939999999999996,2.54,6.666666667,-2.222222222,2.222222222,123
3.048,5.08,2.777777778,-3.333333333,0.0,125
0.0,7.62,5.555555556,-1.111111111,2.222222222,126
0.0,5.08,3.333333333,-6.666666667,-1.666666667,127
0.0,2.54,5.555555556,-3.888888889,1.111111111,128
1.524,5.08,4.444444444,-1.666666667,1.111111111,135
0.0,0.0,7.222222222,-3.333333333,2.222222222,138
0.0,0.0,6.666666667,-3.333333333,1.666666667,139
0.0,0.0,12.77777778,-1.111111111,5.555555556,140
0.0,0.0,14.44444444,9.444444444,12.22222222,142
0.0,0.0,17.77777778,6.666666667,12.22222222,143
0.0,0.0,13.88888889,6.1111111110000005,10.0,144
0.0,0.0,14.44444444,8.333333332999999,11.11111111,145
0.0,0.0,15.0,3.888888889,9.444444444,146
0.0,0.0,14.44444444,3.333333333,8.888888889,147
0.0,0.0,13.88888889,1.666666667,7.777777778,148
0.0,0.0,13.88888889,0.5555555560000001,7.222222222,149
0.0,0.0,12.22222222,1.111111111,6.666666667,150
0.0,0.0,15.0,1.666666667,8.333333332999999,151
0.0,0.0,14.44444444,4.444444444,8.888888889,152
0.0,0.0,13.88888889,-1.111111111,6.666666667,153
0.0,0.0,12.77777778,3.888888889,8.333333332999999,154
0.0,0.0,12.77777778,5.0,8.888888889,155
0.0,0.0,11.11111111,4.444444444,7.777777778,156
0.0,0.0,15.0,2.222222222,8.888888889,157
0.0,0.0,15.55555556,7.222222222,11.11111111,158
0.0,0.0,15.55555556,5.555555556,10.55555556,159
0.0,0.0,11.66666667,1.666666667,6.666666667,160
0.0,0.0,12.77777778,1.666666667,7.222222222,161
1.778,0.0,13.33333333,6.1111111110000005,10.0,164
18.796,0.0,7.222222222,4.444444444,5.555555556,165
0.0,0.0,13.88888889,10.0,12.22222222,168
0.0,0.0,16.66666667,8.888888889,12.77777778,169
0.0,0.0,17.22222222,4.444444444,11.11111111,171
0.0,0.0,13.88888889,4.444444444,8.888888889,172
0.0,0.0,16.11111111,3.888888889,10.0,173
0.0,0.0,15.55555556,3.888888889,10.0,174
0.0,0.0,16.11111111,6.1111111110000005,11.11111111,175
0.0,0.0,17.77777778,10.55555556,14.44444444,176
0.0,0.0,15.0,5.555555556,10.0,177
0.0,0.0,13.33333333,4.444444444,8.888888889,179
0.0,0.0,7.222222222,4.444444444,5.555555556,180
0.0,0.0,13.33333333,4.444444444,8.888888889,181
6.096,0.0,7.222222222,2.777777778,5.0,183
0.0,0.0,13.88888889,2.777777778,8.333333332999999,184
0.0,0.0,14.44444444,3.888888889,8.888888889,185
2.7939999999999996,0.0,16.11111111,5.555555556,11.11111111,186
46.482,0.0,10.55555556,6.666666667,8.888888889,187
24.638,0.0,14.44444444,2.222222222,8.333333332999999,188
4.8260000000000005,0.0,7.222222222,1.666666667,4.444444444,189
0.0,0.0,17.77777778,5.555555556,11.66666667,191
0.0,0.0,17.22222222,5.0,11.11111111,192
0.0,0.0,15.0,5.0,10.0,193
0.0,0.0,16.11111111,4.444444444,10.0,194
0.0,0.0,10.0,5.0,7.222222222,195
0.0,0.0,10.0,6.1111111110000005,10.55555556,196
9.652000000000001,0.0,13.33333333,4.444444444,8.888888889,197
0.0,0.0,15.55555556,4.444444444,10.0,198
0.0,0.0,18.33333333,5.0,11.66666667,199
0.0,0.0,18.33333333,8.888888889,13.33333333,203
0.0,0.0,12.22222222,6.1111111110000005,8.888888889,204
0.0,0.0,15.55555556,4.444444444,10.0,205
0.0,0.0,15.55555556,6.1111111110000005,10.55555556,206
7.62,0.0,11.11111111,5.0,7.777777778,207
0.0,0.0,14.44444444,5.555555556,10.0,208
0.0,0.0,14.44444444,5.0,10.0,209
0.508,0.0,11.66666667,6.666666667,8.888888889,211
0.0,0.0,15.55555556,6.666666667,11.11111111,213
0.0,0.0,14.44444444,5.555555556,10.0,214
0.0,0.0,17.77777778,8.888888889,13.33333333,218
0.0,0.0,16.66666667,4.444444444,10.55555556,219
0.0,0.0,15.0,3.333333333,8.888888889,220
0.0,0.0,11.11111111,2.222222222,6.666666667,221
0.0,0.0,8.888888889,4.444444444,6.666666667,223
0.0,0.0,13.33333333,1.666666667,7.777777778,224
0.0,0.0,13.33333333,1.666666667,7.777777778,225
0.0,0.0,12.77777778,2.222222222,7.777777778,226
0.0,0.0,12.22222222,2.222222222,7.222222222,227
0.0,0.0,10.0,4.444444444,7.222222222,228
0.0,0.0,13.33333333,4.444444444,8.888888889,229
0.0,0.0,12.22222222,2.777777778,7.777777778,230
0.0,0.0,14.44444444,1.666666667,7.777777778,231
0.0,0.0,14.44444444,2.777777778,7.777777778,232
0.0,0.0,10.55555556,2.222222222,6.666666667,233
0.0,0.0,14.44444444,2.777777778,8.888888889,234
0.0,0.0,13.33333333,2.222222222,7.777777778,235
0.0,0.0,17.22222222,1.666666667,9.444444444,236
0.0,0.0,15.55555556,8.333333332999999,12.22222222,237
0.0,0.0,15.55555556,7.777777778,11.66666667,238
0.0,0.0,17.77777778,10.0,13.88888889,239
0.0,0.0,16.66666667,7.222222222,12.22222222,240
0.0,0.0,11.66666667,4.444444444,7.777777778,241
0.0,0.0,10.55555556,5.0,7.777777778,242
0.0,0.0,11.66666667,1.666666667,6.666666667,243
0.0,0.0,10.0,3.888888889,6.666666667,244
0.0,0.0,12.77777778,0.5555555560000001,6.666666667,246
0.0,0.0,12.77777778,0.5555555560000001,6.666666667,247
6.096,0.0,9.444444444,3.888888889,6.666666667,248
9.906,0.0,10.0,3.333333333,6.666666667,249
0.0,0.0,12.77777778,1.111111111,6.666666667,250
0.0,0.0,13.88888889,0.5555555560000001,7.222222222,251
39.624,0.0,13.33333333,6.1111111110000005,10.0,253
11.43,0.0,11.11111111,5.555555556,8.333333332999999,254
3.302,0.0,9.444444444,3.888888889,6.666666667,255
0.0,0.0,8.333333332999999,1.111111111,4.444444444,257
0.0,0.0,8.888888889,0.0,4.444444444,258
9.906,0.0,7.777777778,3.888888889,5.555555556,259
15.494000000000002,0.0,8.888888889,3.888888889,6.666666667,260
0.0,0.0,7.777777778,0.5555555560000001,4.444444444,261
4.8260000000000005,0.0,5.0,0.0,2.222222222,262
8.636000000000001,0.0,8.333333332999999,2.777777778,5.555555556,263
13.716,0.0,7.777777778,2.777777778,5.555555556,264
5.08,0.0,11.11111111,2.777777778,6.666666667,265
0.0,0.0,7.222222222,0.0,3.333333333,266
12.954,0.0,5.0,1.111111111,3.333333333,267
21.336,0.0,7.777777778,3.333333333,5.555555556,269
81.788,0.0,10.0,4.444444444,7.222222222,270
24.892,0.0,8.333333332999999,1.666666667,5.0,271
1.524,0.0,5.0,0.0,2.222222222,272
0.0,0.0,2.777777778,-2.777777778,0.0,273
9.652000000000001,0.0,2.222222222,-2.777777778,0.0,274
12.954,0.0,5.0,-2.222222222,1.111111111,275
0.0,0.0,2.222222222,-5.0,-1.111111111,276
0.0,0.0,1.666666667,-7.222222222,-2.777777778,277
8.382,0.0,1.111111111,-2.777777778,-1.111111111,278
14.478,2.54,2.222222222,-0.5555555560000001,1.111111111,279
4.8260000000000005,10.16,2.222222222,-0.5555555560000001,1.111111111,280
0.0,2.54,5.555555556,-2.222222222,1.666666667,281
0.0,2.54,4.444444444,-1.666666667,1.111111111,282
7.112,7.62,2.777777778,-3.333333333,0.0,289
0.0,7.62,2.777777778,-7.777777778,-2.222222222,290
0.0,5.08,2.222222222,-9.444444444,-3.333333333,291
0.0,5.08,3.333333333,-4.444444444,-0.5555555560000001,292
0.0,5.08,2.222222222,-6.1111111110000005,-2.222222222,293
0.0,5.08,6.1111111110000005,-3.333333333,1.111111111,296
0.0,5.08,0.5555555560000001,-7.222222222,-3.333333333,297
0.0,2.54,-2.777777778,-8.333333332999999,-5.555555556,298
0.0,2.54,-3.333333333,-8.888888889,-6.1111111110000005,299
0.0,2.54,-2.222222222,-10.55555556,-6.666666667,300
0.0,2.54,-3.333333333,-11.11111111,-7.222222222,301
0.0,2.54,-1.111111111,-10.0,-5.555555556,302
0.0,2.54,4.444444444,-10.0,-2.777777778,303
1.016,5.08,0.5555555560000001,-6.1111111110000005,-2.777777778,306
0.0,2.54,-2.777777778,-10.55555556,-6.666666667,307
0.0,2.54,-6.666666667,-12.77777778,-10.0,308
0.0,0.0,3.888888889,-13.88888889,-5.0,309
7.3660000000000005,10.16,1.111111111,-3.888888889,-1.111111111,315
0.0,10.16,-1.666666667,-15.0,-8.333333332999999,316
0.762,10.16,7.777777778,-14.44444444,-3.333333333,317
3.048,0.0,6.666666667,-0.5555555560000001,3.333333333,318
1.778,0.0,15.55555556,1.111111111,8.333333332999999,319
10.16,0.0,15.0,0.0,7.777777778,320
58.166000000000004,0.0,3.333333333,0.0,1.666666667,322
9.398,0.0,3.333333333,0.0,1.666666667,323
6.604,7.62,-0.5555555560000001,-3.333333333,-2.222222222,325
3.81,15.24,-3.888888889,-13.88888889,-8.888888889,327
0.762,12.7,0.5555555560000001,-12.22222222,-5.555555556,328
1.524,17.78,0.5555555560000001,-3.888888889,-1.666666667,329
0.508,22.86,-2.222222222,-8.333333332999999,-7.777777778,330
0.0,20.32,-3.888888889,-18.88888889,-11.11111111,332
3.048,20.32,3.888888889,-3.888888889,0.0,333
4.064,20.32,0.0,-6.666666667,-3.333333333,334
0.0,22.86,-6.1111111110000005,-15.55555556,-11.11111111,335
13.716,22.86,10.0,-14.44444444,-2.222222222,336
0.0,2.54,-8.333333332999999,-12.22222222,-10.0,339
0.0,2.54,4.444444444,-12.22222222,-3.888888889,340
3.556,2.54,0.5555555560000001,-3.333333333,-1.111111111,342
0.254,7.62,-1.111111111,-12.22222222,-6.666666667,343
0.0,7.62,-12.22222222,-18.88888889,-15.55555556,344
0.0,5.08,10.0,-18.88888889,-4.444444444,345
2.7939999999999996,5.08,0.5555555560000001,-3.333333333,-1.111111111,348
1.524,5.08,-1.111111111,-4.444444444,-2.777777778,349
0.0,2.54,-8.888888889,-15.0,-12.22222222,352
0.0,2.54,-14.44444444,-18.33333333,-16.66666667,353
0.0,2.54,-16.66666667,-20.0,-18.33333333,354
0.0,2.54,3.333333333,-17.22222222,-6.666666667,355
1.524,2.54,2.777777778,-8.333333332999999,-2.777777778,356
2.54,5.08,-5.555555556,-11.11111111,-8.333333332999999,357
1.27,7.62,-5.0,-10.0,-7.777777778,358
0.254,7.62,-7.222222222,-13.88888889,-10.55555556,359
1.016,7.62,-8.333333332999999,-16.66666667,-12.22222222,360
4.3180000000000005,10.16,-5.0,-11.11111111,-7.777777778,361
0.254,17.78,-6.666666667,-15.55555556,-11.11111111,362
8.636000000000001,5.08,10.0,-3.333333333,3.333333333,364
5.587999999999999,25.4,-3.333333333,-9.444444444,-6.666666667,365
0.0,0.0,-8.888888889,-23.33333333,-16.11111111,1
0.0,25.4,-17.77777778,-17.77777778,-17.77777778,2
0.0,25.4,0.0,-25.0,-12.22222222,3
1.524,12.7,0.0,-11.11111111,-5.555555556,4
0.0,10.16,-10.55555556,-19.44444444,-15.0,5
0.0,10.16,-11.11111111,-19.44444444,-15.55555556,6
0.0,10.16,-10.0,-16.66666667,-13.33333333,7
0.0,10.16,-10.0,-18.33333333,-13.33333333,8
0.0,10.16,-6.666666667,-15.55555556,-11.11111111,9
4.8260000000000005,7.62,-3.888888889,-8.333333332999999,-6.1111111110000005,11
4.3180000000000005,12.7,-5.555555556,-10.55555556,-7.777777778,12
0.254,17.78,-10.55555556,-17.77777778,-14.44444444,14
0.0,17.78,-11.66666667,-21.11111111,-16.66666667,15
1.524,17.78,2.222222222,-12.22222222,-5.0,16
0.0,22.86,-5.0,-17.22222222,-11.11111111,17
0.0,22.86,-14.44444444,-23.33333333,-18.88888889,18
0.0,17.78,-17.77777778,-17.77777778,-17.77777778,19
0.0,17.78,-16.11111111,-25.0,-20.55555556,20
1.27,22.86,-3.333333333,-16.11111111,-10.0,21
1.27,25.4,-8.888888889,-20.0,-14.44444444,22
0.508,25.4,-17.77777778,-17.77777778,-17.77777778,23
1.524,25.4,-8.333333332999999,-12.22222222,-10.0,24
0.762,27.94,-0.5555555560000001,-15.55555556,-7.777777778,25
0.0,25.4,0.0,-8.888888889,-4.444444444,26
1.778,25.4,-5.555555556,-14.44444444,-10.0,27
0.0,25.4,-2.222222222,-18.88888889,-10.55555556,28
0.0,25.4,0.5555555560000001,-5.555555556,-2.222222222,29
0.0,17.78,0.5555555560000001,-10.55555556,-5.0,30
0.0,17.78,-7.222222222,-16.66666667,-12.22222222,31
0.0,17.78,-12.77777778,-18.88888889,-15.55555556,32
0.0,17.78,-10.0,-20.0,-15.0,33
0.0,17.78,6.1111111110000005,-13.88888889,-3.888888889,34
0.254,7.62,4.444444444,-4.444444444,0.0,35
2.032,7.62,0.0,-7.222222222,-3.333333333,36
2.286,15.24,-5.0,-12.77777778,-8.888888889,37
16.764,15.24,1.111111111,-12.22222222,-5.555555556,38
0.0,30.48,1.666666667,-3.333333333,-1.111111111,39
5.08,22.86,12.22222222,-0.5555555560000001,5.555555556,40
7.62,7.62,0.0,-12.77777778,-6.666666667,41
0.0,7.62,-10.0,-15.55555556,-12.77777778,42
0.0,7.62,-10.55555556,-18.33333333,-14.44444444,43
0.0,7.62,-17.77777778,-17.77777778,-17.77777778,44
0.0,7.62,-8.888888889,-16.66666667,-12.77777778,45
0.254,7.62,-17.77777778,-17.77777778,-17.77777778,46
1.27,10.16,-3.333333333,-16.66666667,-10.0,48
4.064,10.16,-17.77777778,-17.77777778,-17.77777778,49
1.27,15.24,6.666666667,-8.333333332999999,-1.111111111,50
17.018,12.7,7.222222222,-3.333333333,2.222222222,51
1.27,27.94,2.777777778,-3.888888889,-0.5555555560000001,52
0.762,27.94,-3.888888889,-10.0,-6.666666667,54
0.0,27.94,-0.5555555560000001,-13.33333333,-6.666666667,55
0.0,20.32,8.333333332999999,-6.666666667,1.111111111,57
3.048,17.78,1.111111111,-4.444444444,-1.666666667,59
0.0,15.24,3.888888889,-8.333333332999999,-2.222222222,61
0.0,10.16,8.888888889,3.333333333,6.1111111110000005,63
0.0,7.62,8.888888889,6.1111111110000005,7.777777778,64
0.762,2.54,10.55555556,0.0,5.555555556,65
13.462,10.16,3.333333333,-1.666666667,1.111111111,70
0.0,10.16,1.111111111,-8.333333332999999,-3.333333333,71
0.0,10.16,-2.777777778,-13.33333333,-7.777777778,72
0.0,10.16,-4.444444444,-15.55555556,-10.0,73
1.27,10.16,-3.333333333,-12.22222222,-7.777777778,74
0.0,10.16,-9.444444444,-18.88888889,-14.44444444,76
0.0,10.16,-6.1111111110000005,-18.33333333,-12.22222222,77
16.256,7.62,6.1111111110000005,0.0,3.333333333,79
2.286,10.16,5.555555556,-7.222222222,-1.111111111,80
3.048,17.78,-2.222222222,-10.0,-6.1111111110000005,81
0.0,17.78,-2.222222222,-15.0,-8.888888889,82
0.0,17.78,-1.666666667,-15.0,-8.333333332999999,83
0.0,17.78,-5.555555556,-16.66666667,-11.11111111,85
0.0,17.78,-3.333333333,-20.0,-11.66666667,86
0.0,17.78,5.555555556,-12.77777778,-3.333333333,87
0.0,5.08,10.0,5.555555556,7.777777778,89
5.587999999999999,20.32,-2.222222222,-3.888888889,-3.333333333,94
0.0,5.08,5.0,0.0,2.222222222,96
0.0,2.54,7.222222222,2.222222222,4.444444444,97
0.0,0.0,8.888888889,5.0,6.666666667,102
0.0,0.0,8.888888889,3.333333333,6.1111111110000005,103
0.0,0.0,11.11111111,-0.5555555560000001,5.555555556,104
0.0,0.0,6.1111111110000005,-2.222222222,2.222222222,105
0.0,0.0,5.0,1.666666667,3.333333333,107
0.0,0.0,7.777777778,1.111111111,4.444444444,108
0.0,0.0,7.222222222,-1.111111111,3.333333333,109
0.0,0.0,8.888888889,-2.222222222,3.333333333,111
0.0,0.0,9.444444444,0.0,4.444444444,112
2.7939999999999996,0.0,7.777777778,-2.222222222,2.777777778,118
3.81,7.62,0.5555555560000001,-4.444444444,-2.222222222,119
1.27,2.54,1.111111111,-3.333333333,-1.111111111,120
2.54,5.08,3.333333333,-2.222222222,0.5555555560000001,121
8.89,5.08,1.111111111,-3.333333333,-1.111111111,125
3.302,15.24,1.111111111,-11.11111111,-5.0,126
0.0,15.24,1.111111111,-13.88888889,-6.666666667,127
0.0,12.7,1.666666667,-7.777777778,-3.333333333,128
0.0,12.7,2.777777778,-5.555555556,-1.111111111,129
16.764,7.62,1.111111111,-2.777777778,-1.111111111,130
0.0,15.24,2.777777778,-3.888888889,-0.5555555560000001,132
0.508,10.16,5.555555556,-3.888888889,1.111111111,133
2.286,7.62,6.666666667,-1.666666667,2.222222222,135
0.0,0.0,18.88888889,10.55555556,14.44444444,140
0.0,0.0,17.77777778,11.66666667,14.44444444,141
0.0,0.0,16.66666667,2.777777778,10.0,142
3.81,0.0,9.444444444,0.0,4.444444444,143
0.0,0.0,8.888888889,1.111111111,5.0,144
0.0,0.0,10.55555556,2.777777778,6.666666667,146
0.0,0.0,12.22222222,2.777777778,7.777777778,147
0.0,0.0,7.222222222,0.5555555560000001,3.888888889,148
0.508,0.0,9.444444444,2.222222222,5.555555556,149
0.0,0.0,16.11111111,8.333333332999999,12.22222222,150
0.0,0.0,13.88888889,10.0,12.22222222,151
0.0,0.0,11.11111111,2.777777778,6.666666667,154
0.0,0.0,15.0,7.222222222,11.11111111,155
0.0,0.0,12.77777778,2.222222222,7.777777778,156
0.0,0.0,11.66666667,5.555555556,8.888888889,157
0.0,0.0,13.33333333,5.0,8.888888889,158
0.0,0.0,9.444444444,1.666666667,5.555555556,159
0.0,0.0,12.22222222,0.5555555560000001,6.666666667,160
0.0,0.0,15.0,3.333333333,8.888888889,161
0.0,0.0,11.66666667,2.222222222,6.666666667,163
0.0,0.0,13.88888889,3.333333333,8.888888889,164
3.81,0.0,10.55555556,3.333333333,6.666666667,169
1.524,0.0,8.888888889,2.777777778,5.555555556,170
0.0,0.0,14.44444444,2.777777778,8.888888889,171
8.636000000000001,0.0,12.77777778,5.0,8.888888889,172
6.35,0.0,15.0,7.777777778,11.11111111,173
0.0,0.0,19.44444444,5.555555556,12.22222222,174
0.0,0.0,16.66666667,5.555555556,11.11111111,175
0.0,0.0,15.55555556,7.777777778,11.66666667,177
1.016,0.0,15.0,7.222222222,11.11111111,178
16.002,0.0,18.88888889,7.777777778,13.33333333,180
22.605999999999998,0.0,11.11111111,6.1111111110000005,8.888888889,181
15.748,0.0,10.0,6.666666667,8.333333332999999,182
4.3180000000000005,0.0,9.444444444,5.555555556,7.777777778,183
2.032,0.0,9.444444444,4.444444444,6.666666667,184
0.508,0.0,12.22222222,3.888888889,7.777777778,185
0.508,0.0,11.11111111,3.888888889,7.777777778,186
0.0,0.0,18.88888889,6.1111111110000005,12.22222222,187
0.0,0.0,17.22222222,5.555555556,11.11111111,188
0.0,0.0,18.33333333,5.555555556,12.22222222,189
0.0,0.0,9.444444444,5.0,7.222222222,190
0.0,0.0,16.66666667,6.1111111110000005,11.11111111,191
5.587999999999999,0.0,10.0,6.666666667,8.333333332999999,192
4.8260000000000005,0.0,8.888888889,6.1111111110000005,7.777777778,193
0.0,0.0,12.77777778,5.0,8.888888889,194
8.382,0.0,10.0,6.666666667,8.333333332999999,195
0.254,0.0,13.88888889,6.1111111110000005,10.0,196
0.254,0.0,14.44444444,7.222222222,11.11111111,198
0.0,0.0,21.11111111,8.888888889,15.0,203
0.0,0.0,18.33333333,7.222222222,12.77777778,204
1.27,0.0,16.11111111,7.777777778,12.22222222,207
0.0,0.0,17.22222222,6.1111111110000005,11.66666667,210
0.0,0.0,15.55555556,7.777777778,11.66666667,211
0.0,0.0,16.11111111,5.0,10.55555556,212
0.0,0.0,20.0,4.444444444,12.22222222,214
0.0,0.0,16.66666667,7.777777778,12.22222222,215
0.0,0.0,18.33333333,6.666666667,12.22222222,217
0.254,0.0,18.33333333,6.666666667,12.22222222,219
6.35,0.0,15.55555556,6.666666667,11.11111111,220
8.89,0.0,12.77777778,6.1111111110000005,9.444444444,221
0.0,0.0,14.44444444,5.555555556,10.0,222
0.0,0.0,15.55555556,6.1111111110000005,11.11111111,224
0.762,0.0,13.88888889,4.444444444,8.888888889,225
0.508,0.0,12.22222222,6.1111111110000005,8.888888889,226
3.556,0.0,14.44444444,8.333333332999999,11.11111111,227
0.0,0.0,17.77777778,8.888888889,13.33333333,229
0.0,0.0,15.55555556,6.1111111110000005,11.11111111,230
0.0,0.0,15.0,4.444444444,12.22222222,231
0.0,0.0,13.88888889,3.888888889,8.888888889,232
0.508,0.0,15.55555556,7.777777778,11.66666667,233
1.524,0.0,10.55555556,4.444444444,7.777777778,234
0.0,0.0,13.88888889,2.222222222,7.777777778,236
0.0,0.0,13.88888889,1.111111111,7.777777778,237
0.0,0.0,12.77777778,5.555555556,8.888888889,239
14.732000000000001,0.0,8.888888889,5.555555556,7.222222222,240
4.8260000000000005,0.0,9.444444444,3.333333333,6.666666667,241
0.0,0.0,12.77777778,3.333333333,7.777777778,242
0.0,0.0,13.33333333,3.333333333,8.333333332999999,243
0.0,0.0,11.66666667,0.0,5.555555556,244
0.0,0.0,11.66666667,0.0,5.555555556,245
0.0,0.0,12.77777778,0.0,6.666666667,246
0.0,0.0,12.22222222,0.5555555560000001,6.666666667,247
0.0,0.0,11.66666667,0.0,5.555555556,248
0.0,0.0,12.77777778,2.777777778,7.777777778,249
0.0,0.0,14.44444444,2.777777778,8.888888889,250
0.0,0.0,15.55555556,2.777777778,8.888888889,251
8.636000000000001,0.0,10.0,4.444444444,7.222222222,252
4.572,0.0,10.0,5.555555556,7.777777778,253
3.302,0.0,10.0,5.555555556,7.777777778,254
1.016,0.0,11.11111111,3.888888889,7.777777778,255
0.0,0.0,11.66666667,1.111111111,6.666666667,256
4.064,0.0,7.222222222,3.333333333,5.555555556,257
0.0,0.0,7.777777778,1.666666667,4.444444444,258
0.0,0.0,7.777777778,-1.111111111,3.333333333,259
0.254,0.0,5.555555556,-1.111111111,2.222222222,260
0.0,0.0,6.666666667,-2.777777778,2.222222222,261
0.0,0.0,8.333333332999999,-1.666666667,3.333333333,262
2.032,0.0,5.0,-2.222222222,1.111111111,263
8.636000000000001,0.0,4.444444444,-2.222222222,1.111111111,264
0.0,0.0,6.666666667,-4.444444444,1.111111111,265
0.0,0.0,7.222222222,-1.111111111,3.333333333,266
29.464000000000002,0.0,13.88888889,2.222222222,7.777777778,267
16.256,0.0,6.1111111110000005,1.111111111,3.333333333,268
10.16,0.0,5.0,2.222222222,3.333333333,270
0.0,0.0,8.888888889,2.222222222,5.555555556,271
7.62,0.0,3.333333333,1.666666667,2.222222222,272
0.0,0.0,6.1111111110000005,-1.111111111,2.222222222,273
2.54,0.0,7.777777778,-2.222222222,2.777777778,274
4.8260000000000005,0.0,6.1111111110000005,1.666666667,3.888888889,275
0.254,0.0,7.777777778,0.5555555560000001,4.444444444,276
19.812,0.0,11.11111111,1.111111111,6.1111111110000005,277
26.162,0.0,11.11111111,5.555555556,8.333333332999999,278
4.572,0.0,13.88888889,3.888888889,8.888888889,279
5.8420000000000005,0.0,5.0,-1.111111111,2.222222222,280
0.0,0.0,6.1111111110000005,-1.111111111,2.222222222,281
0.0,0.0,1.666666667,-3.333333333,-1.111111111,282
0.0,0.0,2.222222222,-5.0,-1.111111111,283
0.0,0.0,3.333333333,-5.555555556,-1.111111111,284
0.0,0.0,1.666666667,-5.0,-1.666666667,285
0.508,0.0,5.0,-1.666666667,1.666666667,286
1.524,0.0,6.1111111110000005,0.0,3.333333333,287
0.0,0.0,5.0,-2.222222222,1.111111111,289
0.0,0.0,7.777777778,-3.333333333,2.222222222,290
1.524,0.0,5.555555556,-1.666666667,2.222222222,291
7.112,2.54,1.666666667,0.0,1.111111111,294
0.0,2.54,0.0,-9.444444444,-4.444444444,295
0.0,2.54,-2.777777778,-10.0,-6.666666667,296
0.508,2.54,2.222222222,-6.666666667,-2.222222222,297
2.032,5.08,1.111111111,-7.222222222,-3.333333333,298
0.0,7.62,-1.666666667,-11.11111111,-6.666666667,299
5.587999999999999,7.62,-1.111111111,-12.22222222,-6.666666667,300
13.208,20.32,1.666666667,-3.333333333,-1.111111111,301
11.684000000000001,10.16,5.0,-1.111111111,2.222222222,302
15.494000000000002,0.0,8.888888889,0.0,4.444444444,305
0.0,0.0,6.1111111110000005,0.0,3.333333333,315
7.112,5.08,-3.888888889,-13.33333333,-8.888888889,334
0.0,10.16,-7.222222222,-15.55555556,-11.11111111,335
0.0,7.62,-10.55555556,-19.44444444,-13.33333333,336
0.0,7.62,-16.11111111,-22.22222222,-18.88888889,337
0.0,7.62,-16.66666667,-23.33333333,-20.0,338
0.0,7.62,-11.66666667,-20.0,-15.55555556,339
0.0,7.62,-13.33333333,-21.11111111,-17.22222222,340
0.0,7.62,-17.22222222,-22.22222222,-20.0,341
0.0,7.62,-15.55555556,-21.66666667,-18.88888889,342
0.254,5.08,-4.444444444,-10.55555556,-7.777777778,355
4.064,5.08,0.5555555560000001,-9.444444444,-4.444444444,356
0.254,7.62,-5.0,-12.22222222,-8.888888889,357
0.0,7.62,-7.777777778,-14.44444444,-11.11111111,358
0.0,7.62,-12.77777778,-19.44444444,-16.11111111,359
0.0,7.62,-16.66666667,-23.88888889,-20.0,360
0.0,7.62,-19.44444444,-25.55555556,-22.22222222,361
0.254,5.08,0.0,-22.22222222,-11.11111111,362
0.762,5.08,-2.777777778,-14.44444444,-8.888888889,363
0.0,2.54,0.5555555560000001,-15.0,-7.222222222,364
0.508,10.16,-5.0,-17.22222222,-11.11111111,1
1.524,10.16,-8.888888889,-20.55555556,-14.44444444,2
3.048,12.7,4.444444444,-8.888888889,-2.222222222,3
1.524,10.16,0.0,-7.222222222,-3.333333333,4
0.762,12.7,-5.0,-13.33333333,-8.888888889,5
18.542,2.54,11.66666667,-4.444444444,3.333333333,7
1.016,15.24,-3.888888889,-16.66666667,-10.0,8
0.508,15.24,-1.111111111,-15.55555556,-8.333333332999999,9
9.144,10.16,7.777777778,-4.444444444,1.666666667,10
8.636000000000001,5.08,1.111111111,-3.333333333,-1.111111111,11
9.398,25.4,-1.666666667,-9.444444444,-5.555555556,12
2.032,25.4,-5.555555556,-14.44444444,-10.0,13
6.858,25.4,0.5555555560000001,-12.77777778,-6.1111111110000005,14
0.0,30.48,-14.44444444,-23.33333333,-18.88888889,16
0.0,30.48,-16.66666667,-27.22222222,-22.22222222,18
0.0,30.48,-1.111111111,-24.44444444,-12.77777778,19
0.0,7.62,1.666666667,-2.777777778,-0.5555555560000001,20
0.0,5.08,2.777777778,-1.111111111,1.111111111,21
0.0,2.54,4.444444444,0.5555555560000001,2.222222222,22
0.254,2.54,-5.555555556,-12.77777778,-8.888888889,36
0.0,2.54,-6.666666667,-15.0,-11.11111111,37
0.508,2.54,-7.222222222,-13.88888889,-10.55555556,39
0.762,5.08,-1.111111111,-14.44444444,-7.777777778,40
0.0,5.08,-0.5555555560000001,-7.222222222,-3.888888889,41
0.0,5.08,3.888888889,-5.0,-0.5555555560000001,42
0.0,2.54,-2.222222222,-11.11111111,-6.666666667,43
0.0,2.54,3.888888889,-9.444444444,-2.777777778,44
3.048,5.08,-7.222222222,-12.77777778,-10.0,53
0.0,5.08,-10.55555556,-25.0,-17.77777778,54
0.0,5.08,-17.77777778,-17.77777778,-17.77777778,55
0.0,5.08,-15.55555556,-26.11111111,-21.11111111,56
0.0,5.08,-15.55555556,-25.55555556,-20.55555556,57
0.0,5.08,-12.77777778,-23.88888889,-18.33333333,58
0.0,5.08,-2.777777778,-22.22222222,-12.22222222,59
0.0,5.08,4.444444444,-2.777777778,1.111111111,60
0.762,17.78,6.1111111110000005,-3.333333333,1.111111111,62
2.286,10.16,11.11111111,2.777777778,6.666666667,63
1.778,2.54,7.777777778,-7.222222222,0.0,65
13.208,7.62,0.5555555560000001,-6.666666667,-3.333333333,66
21.081999999999997,17.78,10.55555556,0.5555555560000001,5.555555556,67
0.254,2.54,-6.666666667,-11.66666667,-8.888888889,70
0.0,2.54,-5.0,-13.33333333,-8.888888889,71
0.0,2.54,-2.777777778,-15.0,-8.888888889,72
1.016,2.54,-0.5555555560000001,-6.1111111110000005,-3.333333333,74
0.0,2.54,1.111111111,-8.888888889,-3.888888889,75
0.0,2.54,0.0,-4.444444444,-2.222222222,76
3.556,7.62,-2.222222222,-12.22222222,-7.222222222,85
0.0,7.62,-2.222222222,-13.88888889,-7.777777778,86
4.064,2.54,0.5555555560000001,-5.555555556,-2.222222222,94
2.032,7.62,-5.0,-7.222222222,-6.1111111110000005,95
0.762,5.08,2.777777778,-8.333333332999999,-2.777777778,97
0.0,2.54,1.111111111,-7.777777778,-3.333333333,101
0.0,0.0,6.666666667,-2.777777778,2.222222222,112
0.0,0.0,8.333333332999999,-2.222222222,3.333333333,113
0.0,0.0,10.0,-1.666666667,4.444444444,114
0.0,0.0,8.888888889,-1.111111111,3.888888889,115
0.0,0.0,12.22222222,-0.5555555560000001,5.555555556,116
0.0,0.0,11.66666667,-0.5555555560000001,5.555555556,117
5.587999999999999,0.0,7.777777778,-0.5555555560000001,3.333333333,118
3.556,0.0,9.444444444,2.777777778,6.1111111110000005,119
0.508,0.0,14.44444444,3.888888889,8.888888889,121
0.254,0.0,7.222222222,3.333333333,5.555555556,122
0.0,0.0,12.77777778,1.666666667,7.222222222,124
0.0,0.0,12.22222222,1.666666667,6.666666667,125
0.0,0.0,10.0,1.666666667,5.555555556,126
12.446,0.0,8.333333332999999,-0.5555555560000001,3.888888889,127
5.587999999999999,0.0,7.222222222,3.333333333,5.555555556,128
28.194000000000003,0.0,7.777777778,3.888888889,5.555555556,129
0.0,0.0,10.0,4.444444444,7.222222222,131
0.0,0.0,13.88888889,0.5555555560000001,7.222222222,132
0.0,0.0,12.22222222,0.0,6.1111111110000005,133
0.0,0.0,12.22222222,0.0,6.1111111110000005,134
0.0,0.0,11.11111111,0.5555555560000001,5.555555556,135
0.0,0.0,7.777777778,1.666666667,4.444444444,138
0.0,0.0,11.66666667,0.0,5.555555556,139
6.604,0.0,9.444444444,2.222222222,5.555555556,140
0.0,0.0,17.22222222,4.444444444,11.11111111,145
5.334,0.0,11.11111111,7.222222222,8.888888889,146
4.064,0.0,10.0,6.1111111110000005,7.777777778,147
0.0,0.0,11.11111111,2.777777778,6.666666667,149
0.0,0.0,19.44444444,5.0,12.22222222,151
0.0,0.0,20.0,6.666666667,13.33333333,152
0.0,0.0,18.88888889,6.1111111110000005,12.22222222,153
0.0,0.0,22.22222222,6.1111111110000005,14.44444444,154
0.0,0.0,21.11111111,9.444444444,15.55555556,155
0.0,0.0,17.22222222,5.555555556,11.11111111,156
0.0,0.0,13.88888889,3.888888889,8.888888889,157
0.254,0.0,12.77777778,2.222222222,7.777777778,159
0.0,0.0,12.22222222,2.222222222,7.222222222,161
1.778,0.0,7.222222222,2.222222222,4.444444444,162
0.762,0.0,11.11111111,2.222222222,6.666666667,163
0.508,0.0,15.55555556,2.777777778,8.888888889,164
0.254,0.0,9.444444444,3.888888889,6.666666667,166
1.016,0.0,12.77777778,3.333333333,7.777777778,167
0.508,0.0,9.444444444,3.888888889,6.666666667,168
0.0,0.0,15.0,2.222222222,8.888888889,169
0.0,0.0,17.77777778,3.333333333,10.55555556,170
0.0,0.0,13.33333333,3.333333333,8.333333332999999,171
0.0,0.0,13.88888889,3.333333333,8.888888889,172
0.0,0.0,16.11111111,2.777777778,9.444444444,173
0.0,0.0,17.22222222,6.666666667,12.22222222,174
0.0,0.0,19.44444444,5.555555556,12.22222222,175
0.254,0.0,16.66666667,8.333333332999999,12.22222222,177
0.0,0.0,13.33333333,4.444444444,8.888888889,179
2.7939999999999996,0.0,16.11111111,8.888888889,12.22222222,182
0.0,0.0,13.33333333,4.444444444,8.888888889,184
0.0,0.0,17.22222222,5.555555556,11.11111111,185
0.0,0.0,17.77777778,6.1111111110000005,12.22222222,187
0.0,0.0,13.88888889,5.555555556,10.0,188
1.27,0.0,12.22222222,5.555555556,8.888888889,190
3.048,0.0,15.55555556,6.1111111110000005,11.11111111,192
2.286,0.0,18.88888889,7.222222222,13.33333333,193
2.032,0.0,14.44444444,6.666666667,10.55555556,194
1.016,0.0,13.33333333,5.0,8.888888889,195
0.0,0.0,17.22222222,6.666666667,12.22222222,198
0.0,0.0,20.0,5.555555556,12.77777778,199
8.89,0.0,16.11111111,7.777777778,12.22222222,200
0.254,0.0,13.33333333,7.777777778,10.55555556,201
0.0,0.0,16.66666667,5.555555556,11.11111111,202
0.0,0.0,16.66666667,5.555555556,11.11111111,203
0.0,0.0,16.11111111,5.555555556,11.11111111,204
2.54,0.0,12.77777778,6.666666667,10.0,205
59.43600000000001,0.0,14.44444444,6.666666667,10.55555556,206
25.908,0.0,10.55555556,7.222222222,8.888888889,207
13.462,0.0,14.44444444,6.666666667,10.55555556,208
27.686,0.0,12.22222222,7.777777778,10.0,209
5.08,0.0,13.33333333,7.222222222,10.0,210
14.224,0.0,14.44444444,6.666666667,10.55555556,211
11.43,0.0,9.444444444,5.0,7.222222222,212
0.0,0.0,13.88888889,4.444444444,8.888888889,214
0.0,0.0,16.66666667,3.888888889,10.0,215
12.192,0.0,12.22222222,7.222222222,10.0,216
16.764,0.0,11.11111111,6.666666667,8.888888889,217
4.8260000000000005,0.0,16.66666667,7.222222222,12.22222222,218
8.636000000000001,0.0,16.11111111,7.777777778,12.22222222,219
7.112,0.0,10.0,6.666666667,8.333333332999999,220
2.54,0.0,13.33333333,5.555555556,9.444444444,221
16.51,0.0,8.888888889,4.444444444,6.666666667,222
5.587999999999999,0.0,7.222222222,2.777777778,5.0,223
1.778,0.0,9.444444444,3.333333333,6.666666667,224
0.0,0.0,12.22222222,0.5555555560000001,6.666666667,225
0.0,0.0,13.33333333,1.666666667,7.777777778,226
0.0,0.0,15.0,5.0,10.0,227
0.0,0.0,18.88888889,5.0,12.22222222,228
11.43,0.0,15.0,6.1111111110000005,10.55555556,230
5.08,0.0,8.888888889,5.0,6.666666667,231
0.0,0.0,11.66666667,4.444444444,7.777777778,232
0.0,0.0,12.77777778,2.777777778,7.777777778,233
0.0,0.0,15.55555556,4.444444444,10.0,234
0.0,0.0,13.33333333,3.333333333,8.333333332999999,235
0.0,0.0,11.11111111,3.333333333,7.222222222,236
0.0,0.0,13.33333333,1.666666667,7.777777778,237
10.16,0.0,10.55555556,2.222222222,6.666666667,238
0.254,0.0,13.33333333,4.444444444,8.888888889,239
0.0,0.0,12.22222222,2.222222222,7.222222222,240
0.0,0.0,17.77777778,2.777777778,10.0,241
22.605999999999998,0.0,8.888888889,5.0,6.666666667,242
0.0,0.0,11.66666667,1.666666667,6.666666667,245
20.574,0.0,10.55555556,5.555555556,7.777777778,246
9.906,0.0,7.222222222,2.777777778,5.0,247
13.97,0.0,7.222222222,2.777777778,5.0,248
0.0,0.0,8.888888889,2.222222222,5.555555556,249
0.0,0.0,8.888888889,0.0,4.444444444,250
0.0,0.0,9.444444444,-0.5555555560000001,4.444444444,251
0.0,0.0,10.0,-0.5555555560000001,4.444444444,252
0.0,0.0,10.55555556,3.333333333,6.666666667,253
0.254,0.0,5.555555556,-0.5555555560000001,2.222222222,254
0.0,0.0,6.666666667,2.222222222,4.444444444,255
0.0,0.0,10.55555556,2.777777778,6.666666667,256
0.0,0.0,10.55555556,2.777777778,6.666666667,257
0.0,0.0,10.0,0.5555555560000001,5.555555556,258
5.587999999999999,0.0,10.55555556,1.666666667,6.1111111110000005,259
6.096,0.0,8.888888889,3.888888889,6.666666667,260
0.0,0.0,6.1111111110000005,1.111111111,3.333333333,261
0.254,0.0,8.333333332999999,0.5555555560000001,4.444444444,264
4.572,0.0,12.22222222,0.5555555560000001,6.666666667,265
0.254,0.0,5.0,1.111111111,3.333333333,268
2.7939999999999996,0.0,5.0,2.222222222,3.333333333,269
0.762,0.0,6.666666667,2.222222222,4.444444444,270
0.0,0.0,7.222222222,0.0,3.333333333,271
6.858,0.0,3.888888889,-0.5555555560000001,1.666666667,272
7.874,7.62,3.333333333,-3.888888889,0.0,273
0.0,5.08,2.222222222,-7.222222222,-2.222222222,274
0.0,2.54,2.222222222,-7.777777778,-2.777777778,275
6.096,2.54,7.222222222,-6.1111111110000005,0.5555555560000001,276
30.226,0.0,7.777777778,2.777777778,5.555555556,277
12.7,0.0,17.77777778,2.222222222,15.55555556,278
1.016,0.0,6.666666667,1.111111111,3.888888889,279
0.0,0.0,4.444444444,-1.111111111,1.666666667,280
0.0,0.0,6.666666667,-2.777777778,2.222222222,281
0.0,0.0,5.0,-3.333333333,1.111111111,282
0.0,0.0,4.444444444,-3.333333333,0.5555555560000001,283
5.08,0.0,6.666666667,0.0,3.333333333,284
18.034000000000002,0.0,5.555555556,2.777777778,4.444444444,285
6.096,0.0,6.666666667,2.777777778,4.444444444,286
3.048,0.0,7.222222222,3.888888889,5.555555556,287
5.8420000000000005,0.0,15.55555556,1.666666667,8.888888889,288
0.254,0.0,5.0,0.0,2.222222222,289
3.556,0.0,10.0,2.222222222,6.1111111110000005,290
3.048,0.0,12.22222222,2.222222222,7.222222222,291
0.0,0.0,12.77777778,1.111111111,6.666666667,293
0.0,0.0,11.11111111,-1.111111111,5.0,294
0.0,0.0,6.666666667,-2.222222222,2.222222222,295
0.254,0.0,3.333333333,0.0,1.666666667,296
5.587999999999999,15.24,-0.5555555560000001,-5.0,-2.777777778,299
0.0,15.24,-1.666666667,-7.777777778,-7.777777778,300
0.0,7.62,6.666666667,-7.777777778,-0.5555555560000001,301
0.0,0.0,4.444444444,-1.666666667,1.111111111,303
0.0,0.0,1.111111111,-2.777777778,-1.111111111,304
0.508,2.54,1.111111111,-1.111111111,0.0,309
0.0,2.54,0.0,-5.555555556,-2.777777778,310
11.684000000000001,5.08,2.222222222,-3.888888889,-1.111111111,311
16.256,15.24,1.111111111,-3.333333333,-1.111111111,315
0.0,17.78,-1.111111111,-12.22222222,-6.666666667,316
0.0,17.78,-11.11111111,-16.66666667,-13.88888889,317
0.0,15.24,-13.33333333,-18.88888889,-16.11111111,318
0.762,15.24,8.888888889,-19.44444444,-5.555555556,320
5.08,7.62,9.444444444,-2.222222222,3.333333333,321
0.508,5.08,0.0,-9.444444444,-4.444444444,322
0.0,5.08,8.888888889,-9.444444444,0.0,323
0.0,0.0,9.444444444,-2.222222222,3.333333333,324
0.0,0.0,0.0,-3.888888889,-2.222222222,325
0.0,0.0,-0.5555555560000001,-5.0,-2.777777778,326
0.0,0.0,-2.222222222,-6.666666667,-4.444444444,327
5.8420000000000005,0.0,1.666666667,-8.333333332999999,-3.333333333,328
12.954,5.08,6.666666667,-2.777777778,2.222222222,329
6.35,20.32,-0.5555555560000001,-11.11111111,-5.555555556,331
0.0,20.32,-2.777777778,-15.0,-8.888888889,332
0.0,20.32,-3.333333333,-15.0,-8.888888889,333
0.0,17.78,-3.333333333,-13.33333333,-8.333333332999999,334
0.0,5.08,-7.777777778,-17.22222222,-12.22222222,335
2.032,7.62,-6.666666667,-18.33333333,-12.22222222,338
8.382,17.78,0.0,-8.888888889,-4.444444444,339
0.508,15.24,-8.888888889,-16.66666667,-12.77777778,341
9.144,17.78,-3.333333333,-10.55555556,-6.666666667,342
23.368000000000002,30.48,2.222222222,-3.888888889,-1.111111111,343
11.175999999999998,20.32,10.55555556,-3.333333333,3.333333333,344
10.16,7.62,8.333333332999999,-1.111111111,3.333333333,345
1.778,5.08,12.22222222,-1.111111111,5.555555556,346
8.128,2.54,8.888888889,-2.777777778,3.333333333,348
2.032,2.54,-1.111111111,-3.888888889,-2.222222222,353
0.0,2.54,3.333333333,-4.444444444,-0.5555555560000001,354
0.0,2.54,5.555555556,0.5555555560000001,3.333333333,355
0.0,0.0,4.444444444,-1.666666667,1.111111111,356
0.0,0.0,-1.111111111,-5.0,-3.333333333,357
0.0,0.0,-2.777777778,-8.333333332999999,-5.555555556,358
0.0,0.0,6.666666667,-3.333333333,1.666666667,362
0.0,0.0,6.666666667,3.888888889,5.555555556,363
0.0,0.0,8.888888889,2.777777778,5.555555556,364
0.0,0.0,5.555555556,0.5555555560000001,3.333333333,365
